Description,Discount,Discount Qty,Discount Quantity,"Net
Amount",Qty,Quantity,"Sl.
No","Sl.
Unit
Net
Tax
Tax
Description
Discount Quantity
No
Price
Amount
Rate
Type","Sl.
Unit
Net
Tax
Tax
Description
Qty
No
Price
Amount
Rate
Type","Sl.
Unit
Net
Tax
Tax
Description
Quantity
No
Price
Amount
Rate
Type","Tax
Amount","Tax
Rate","Tax
Type","Total
Amount","Unit
Price",Unit Price,Unit Price Qty,Unnamed: 3,Unnamed: 4
"Blackt Electrotech PIR Sensor with Light and Energy Saving Motion
Detector Wall Mounted Switch (White) | B00ZOZI17A ( BT32 ) 
HSN:8541",,,,₹445.76,1.0,,1,,,,,,"9% CGST ₹40.12
9% SGST ₹40.12",₹526.00,₹445.76,,,,
,,,,,,,TOTAL:,,,,,,,₹80.24 ₹526.00,,,,,
,,,,,,,"Amount in Words:
Five Hundred And Twenty-six only",,,,,,,,,,,,
,,,,,,,"For BLACKT ELECTROTECH:
Authorized Signatory",,,,,,,,,,,,
"1 Microsoft Office 365 Home for 5 people (Windows/Mac Laptop +
tablet) for 12 month/1 Year - (Activation Key Card) |
B00UP4GPQO ( B00UP4GPQO )",,,,"₹3,134.74",1.0,,,,,,,,"9% CGST ₹282.13 ₹3,699.00
9% SGST ₹282.13",,"₹3,134.74",,,,
,,,,,,,TOTAL:,,,,"₹564.26 ₹3,699.00",,,,,,,,
,,,,,,,"Amount in Words:
Three Thousand Six Hundred And Ninety-nine only",,,,,,,,,,,,
,,,,,,,"For Cloudtail India Private Limited:
Authorized Signatory",,,,,,,,,,,,
"Fastrack UV protected Square Men's Sunglasses (P357BK1|41
millimeters|Smoke (Grey/Black)) | B071CP6K43 ( B071CP6K43 ) 
HSN:9004",,,,₹338.14,1.0,,1,,,,,,"9% CGST ₹30.43
9% SGST ₹30.43",₹399.00,₹338.14,,,,
,,,,,,,TOTAL:,,,,,,,₹60.86 ₹399.00,,,,,
,,,,,,,"Amount in Words:
Three Hundred And Ninety-nine only",,,,,,,,,,,,
,,,,,,,"For Cloudtail India Private Limited:
Authorized Signatory",,,,,,,,,,,,
"Fastrack UV protected Square Men's Sunglasses (P357BK1|41
millimeters|Smoke (Grey/Black)) | B071CP6K43 ( B071CP6K43 ) 
HSN:9004",,,,₹338.14,1.0,,1,,,,,,"9% CGST ₹30.43
9% SGST ₹30.43",₹399.00,₹338.14,,,,
,,,,,,,TOTAL:,,,,,,,₹60.86 ₹399.00,,,,,
,,,,,,,"Amount in Words:
Three Hundred And Ninety-nine only",,,,,,,,,,,,
,,,,,,,"For Cloudtail India Private Limited:
Authorized Signatory",,,,,,,,,,,,
"Mi A2 (Blue, 4GB RAM, 64GB Storage) | B07DJCJ9VN (
XIAOMI-MI-A2-BLUE-64GB ) 
HSN:8517",,,,"₹13,391.96",,,1,,,,"₹803.52
₹803.52",,"6% CGST
6% SGST","₹14,999.00",,,"₹13,391.96",1.0,
,,,,,,,TOTAL:,,,,"₹1,607.04 ₹14,999.00",,,,,,,,
,,,,,,,"Amount in Words:
Fourteen Thousand Nine Hundred And Ninety-nine only",,,,,,,,,,,,
,,,,,,,"For Green Mobiles:
Authorized Signatory",,,,,,,,,,,,
"Harpic Powerplus Toilet Cleaner Original, 1 L |
B00NWFVVG2 ( B00NWFVVG2 ) 
HSN:3808",,,,₹122.04,1.0,,1,,,,"₹10.98
₹10.98","9%
9%","CGST
SGST",₹144.00,₹122.04,,,,
,,,,,,,TOTAL:,,,,₹21.96,,,₹144.00,,,,,
,,,,,,,"Amount in Words:
One Hundred And Forty-four only",,,,,,,,,,,,
,,,,,,,"For Cloudtail India Private Limited:
Authorized Signatory",,,,,,,,,,,,
,,,,,,,,,"Brainwavz Jive in Ear Noise Isolating Earphones With Remote &
1
₹1,100.85
1
Mic (Jive Black) | B07DMDS2L6 ( BWAVZ-JIVE-BLK-1BN )",,"₹1,100.85 18% IGST ₹198.15 ₹1,299.00",,,,,,,,
,,,,,,,,,TOTAL:,,,,,"₹198.15 ₹1,299.00",,,,,
,,,,,,,,,"Amount in Words:
One Thousand Two Hundred And Ninety-nine only",,,,,,,,,,
,,,,,,,,,"For Swordstreet Technologies Systems Pvt Ltd:
Authorized Signatory",,,,,,,,,,
"Logitech G300s Optical Gaming Mouse (910-004347) |
B00RH6R7C4 ( G300S )",,,,"₹1,262.72",1.0,,1,,,,₹113.64,"9%
9%","CGST
SGST","₹113.64 ₹1,490.00","₹1,262.72",,,,
,,,,,,,TOTAL:,,,,,,,"₹227.28 ₹1,490.00",,,,,
,,,,,,,"Amount in Words:
One Thousand Four Hundred And Ninety only",,,,,,,,,,,,
,,,,,,,"For Gatiya Retail LLP:
Authorized Signatory",,,,,,,,,,,,
"Cello Tango Polypropylene Bottle Set, 1 Litre, Set of 4,
Assorted | B01BYBSWF8 ( B01BYBSWF8 ) 
HSN:3924",,-₹13.56,,,,,1,,,,,₹264.40 9% CGST ₹23.80 ₹312.00,9% SGST ₹23.80,,₹277.96,,,,1.0
,,,,,,,TOTAL:,,,,,,,₹47.60 ₹312.00,,,,,
,,,,,,,"Amount in Words:
Three Hundred And Twelve only",,,,,,,,,,,,
,,,,,,,"For Cloudtail India Private Limited:
Authorized Signatory",,,,,,,,,,,,
,,,,,,,,,"Panasonic rechargable ni-mh aaa rechargable battery for cordless
1
₹203.12
1
phone and toys (pack of 2 pcs) | B06X9ZGSF4 ( rechargable )",,₹203.12 28% IGST ₹56.88 ₹260.00,,,,,,,,
,,,,,,,,,TOTAL:,,,,,₹56.88 ₹260.00,,,,,
,,,,,,,,,"Amount in Words:
Two Hundred And Sixty only",,,,,,,,,,
,,,,,,,,,"For Patel Point:
Authorized Signatory",,,,,,,,,,
,,,,,,,,,"Panasonic rechargable ni-mh aaa rechargable battery for cordless
1
₹203.12
1
phone and toys (pack of 2 pcs) | B06X9ZGSF4 ( rechargable )",,₹203.12 28% IGST ₹56.88 ₹260.00,,,,,,,,
,,,,,,,,,TOTAL:,,,,,₹56.88 ₹260.00,,,,,
,,,,,,,,,"Amount in Words:
Two Hundred And Sixty only",,,,,,,,,,
,,,,,,,,,"For Patel Point:
Authorized Signatory",,,,,,,,,,
"Finish Classic Dishwasher Powder Detergent 1 Kg |
B01CJUDBZ4 ( B01CJUDBZ4 ) 
HSN:3402",,,,₹645.76,2.0,,1,,,,"₹58.12
₹58.12","9%
9%","CGST
SGST",₹762.00,₹322.88,,,,
,,,,,,,TOTAL:,,,,₹116.24,,,₹762.00,,,,,
,,,,,,,"Amount in Words:
Seven Hundred And Sixty-two only",,,,,,,,,,,,
,,,,,,,"For Cloudtail India Private Limited:
Authorized Signatory",,,,,,,,,,,,
"Boat Super Bass Rockerz 400 Bluetooth On-Ear
Headphones with Mic (Black/Blue) | B01FSYQ01K (
B01FSYQ01K ) 
HSN:8518",,-₹84.75,,"₹1,185.59",,,1,,,,,,"9% CGST ₹106.70 ₹1,399.00
9% SGST ₹106.71",,"₹1,270.34",,,,1.0
,,,,,,,TOTAL:,,,,,,,"₹213.41 ₹1,399.00",,,,,
,,,,,,,"Amount in Words:
One Thousand Three Hundred And Ninety-nine only",,,,,,,,,,,,
,,,,,,,"For Appario Retail Private Ltd:
Authorized Signatory",,,,,,,,,,,,
"Ajanta Quartz Wall Clock (32 cm x 32 cm x 2 cm, White Dial and
Silver Rim) | B01N6OOW52 ( B01N6OOW52 ) 
HSN:9103",,,,₹338.14,1.0,,1,,,,,,18% IGST ₹60.86 ₹399.00,,₹338.14,,,,
,,,,,,,TOTAL:,,,,,,,₹60.86 ₹399.00,,,,,
,,,,,,,"Amount in Words:
Three Hundred And Ninety-nine only",,,,,,,,,,,,
,,,,,,,"For Cloudtail India Private Limited:
Authorized Signatory",,,,,,,,,,,,
"Visko Tools 101 Screwdriver Kit (Red, 6-Pieces) |
B00Y6PP5PK ( B00Y6PP5PK ) 
HSN:8205",,,1.0,₹75.42,,,1,,,,₹13.58,,18% IGST,₹89.00,₹92.37,,,-₹16.95,
,,,,,,,TOTAL:,,,,,,,₹13.58 ₹89.00,,,,,
,,,,,,,"Amount in Words:
Eighty-nine only",,,,,,,,,,,,
,,,,,,,"For Cloudtail India Private Limited:
Authorized Signatory",,,,,,,,,,,,
"Cinthol Cool Talc, 300g | B00N5K48R8 (
B00N5K48R8 ) 
HSN:33049120",,,,₹83.90,,1.0,1,,,,"₹7.55
₹7.55","9%
9%","CGST
SGST",₹99.00,₹83.90,,,,
,,,,,,,TOTAL:,,,,₹15.10,,,₹99.00,,,,,
,,,,,,,"Amount in Words:
Ninety-nine only",,,,,,,,,,,,
,,,,,,,"For Cloudtail India Private Limited:
Authorized Signatory",,,,,,,,,,,,
"Nivea Nourishing Lotion Body Milk Richly Caring for Very Dry
Skin, 400ml | B00IJ72QWQ ( B00IJ72QWQ ) 
HSN:33049930",,,,,,1.0,1,,,,₹54.91,₹196.09 28% IGST,,₹251.00,₹196.09,,,,
,,,,,,,TOTAL:,,,,,,,₹54.91 ₹251.00,,,,,
,,,,,,,"Amount in Words:
Two Hundred And Fifty-one only",,,,,,,,,,,,
,,,,,,,"For Cloudtail India Private Limited:
Authorized Signatory",,,,,,,,,,,,
"Amazon Fire TV Stick with Voice Remote |
Streaming Media Player | B01EU2M62S (
IBDE_B01EU2M62S ) 
Gift Wrap Charges",,,,"Rs.3,388.98
Rs.25.42",,1.0,1,,,,"Rs.2.29
Rs.2.29",,"9% CGST Rs.305.01 Rs.3,999.00
9% SGST Rs.305.01
9% CGST
9% SGST",Rs.30.00,,"Rs.3,388.98
Rs.25.42",,,
,,,,,,,TOTAL:,,,,"Rs.614.60 Rs.4,029.00",,,,,,,,
,,,,,,,"Amount in Words:
Four Thousand And Twenty-nine only",,,,,,,,,,,,
,,,,,,,"For IBD Electronics Private Limited:
Authorized Signatory",,,,,,,,,,,,
"Redgear Blaze 3 colour backlit gaming keyboard with full aluminium
body & windows key lock | B073QQR2H2 ( B073QQR2H2 ) 
HSN:8471",,,,₹846.62,1.0,,1,,,,"₹76.19
₹76.19",,"9% CGST
9% SGST",₹999.00,₹846.62,,,,
,,,,,,,TOTAL:,,,,,,,₹152.38 ₹999.00,,,,,
,,,,,,,"Amount in Words:
Nine Hundred And Ninety-nine only",,,,,,,,,,,,
,,,,,,,"For Appario Retail Private Ltd:
Authorized Signatory",,,,,,,,,,,,
"Bosch 7 kg Fully-Automatic Front Loading Washing
Machine (WAK24168IN, Silver) | B00OT9CS5S (
B00OT9CS5S ) 
HSN:8450",,,,"₹21,609.32",,,1,,,,,,"9% CGST ₹1,944.84
9% SGST ₹1,944.84","₹25,499.00",,,"₹21,609.32",1.0,
,,,,,,,TOTAL:,,,,"₹3,889.68 ₹25,499.00",,,,,,,,
,,,,,,,"Amount in Words:
Twenty-five Thousand Four Hundred And Ninety-nine only",,,,,,,,,,,,
,,,,,,,"For Cloudtail India Private Limited:
Authorized Signatory",,,,,,,,,,,,
"RiaTech 90 Degree Right Angle SATA III 6.0 Gbps Cable for
S-ATA/600 - Black - 15inches - Pack of 2 | B0789HKF4Z ( 2 Pack Sata
Cable 40 cm ) 
HSN:8544",,,,₹126.27,1.0,,1,,,,₹22.73,,18% IGST,₹149.00,₹126.27,,,,
,,,,,,,TOTAL:,,,,,,,₹22.73 ₹149.00,,,,,
,,,,,,,"Amount in Words:
One Hundred And Forty-nine only",,,,,,,,,,,,
,,,,,,,"For SaiTech IT Private Limited:
Authorized Signatory",,,,,,,,,,,,
"Dynore Stainless Steel Jug, 600 ml, Silver | B078TFPFY4 (
B078TFPFY4 )",,,,₹291.96,1.0,,1,,,,"₹17.52
₹17.52","6%
6%","CGST
SGST",₹327.00,₹291.96,,,,
,,,,,,,TOTAL:,,,,₹35.04,,,₹327.00,,,,,
,,,,,,,"Amount in Words:
Three Hundred And Twenty-seven only",,,,,,,,,,,,
,,,,,,,"For Cloudtail India Private Limited:
Authorized Signatory",,,,,,,,,,,,
"Digital Image Processing Using MATLAB® | 0070702624 (
RKC0002140786 )",,,,₹540.00,1.0,,1,,,,"₹0.00
₹0.00
₹0.00
₹0.00","0%
0%
0%
0%","IGST
CGST
IGST
None",₹540.00,₹540.00,,,,
,,,,,,,TOTAL:,,,,₹0.00,,,₹540.00,,,,,
,,,,,,,"Amount in Words:
Five Hundred And Forty only",,,,,,,,,,,,
,,,,,,,"For Repro Knowledgecast Ltd:
Authorized Signatory",,,,,,,,,,,,
"Ezee Garbage Bag - 30 Pieces (Pack of 2, Medium, 24x32 inches) |
B06VX7PDXC ( B06VX7PDXC ) 
HSN:3923",,,,₹127.12,1.0,,1,,,,"₹11.44
₹11.44","9%
9%","CGST
SGST",₹150.00,₹127.12,,,,
,,,,,,,TOTAL:,,,,,,,₹22.88 ₹150.00,,,,,
,,,,,,,"Amount in Words:
One Hundred And Fifty only",,,,,,,,,,,,
,,,,,,,"For Cloudtail India Private Limited:
Authorized Signatory",,,,,,,,,,,,
"1 M. A. Enterprises Stereo Plug 6.35mm(1/4 Inch) To 3.5mm Stereo
Audio Jack Amplifier Guitar Cable (1.5 Mtr.) | B01MFBPR89 (
769055223689 ) 
HSN:8544",,,,₹338.14,1.0,,,,,,,,"9% CGST ₹30.43
9% SGST ₹30.43",₹399.00,₹338.14,,,,
,,,,,,,TOTAL:,,,,,,,₹60.86 ₹399.00,,,,,
,,,,,,,"Amount in Words:
Three Hundred And Ninety-nine only",,,,,,,,,,,,
,,,,,,,"For M. A. Enterprises:
Authorized Signatory",,,,,,,,,,,,
"Park Avenue Beer Shampoo, Shiny and Bouncy, 370ml |
B075KM4YFQ ( B075KM4YFQ ) 
HSN:33051010",,,,₹134.75,1.0,,1,,,,₹24.25,18%,IGST,₹159.00,₹134.75,,,,
,,,,,,,TOTAL:,,,,₹24.25,,,₹159.00,,,,,
,,,,,,,"Amount in Words:
One Hundred And Fifty-nine only",,,,,,,,,,,,
,,,,,,,"For Cloudtail India Private Limited:
Authorized Signatory",,,,,,,,,,,,
"Adhunik Bharat Ka Itihas | 8125036814 (
RKC0003368839 )",,,,₹149.00,1.0,,1,,,,"₹0.00
₹0.00
₹0.00
₹0.00","0%
0%
0%
0%","IGST
CGST
IGST
None",₹149.00,₹149.00,,,,
,,,,,,,TOTAL:,,,,₹0.00,,,₹149.00,,,,,
,,,,,,,"Amount in Words:
One Hundred And Forty-nine only",,,,,,,,,,,,
,,,,,,,"For Repro Books Limited:
Authorized Signatory",,,,,,,,,,,,
"Digital Signal Processing | 0198081936 (
RKC0001223175 )",,,,₹555.00,1.0,,1,,,,"₹0.00
₹0.00
₹0.00
₹0.00
₹0.00
₹0.00","0%
0%
0%
0%
0%
0%","IGST
CGST
IGST
None
VAT
SGST",₹555.00,₹555.00,,,,
,,,,,,,TOTAL:,,,,₹0.00,,,₹555.00,,,,,
,,,,,,,"Amount in Words:
Five Hundred And Fifty-five only",,,,,,,,,,,,
,,,,,,,"For Repro Knowledgecast Ltd:
Authorized Signatory",,,,,,,,,,,,
"ACUTAS Round Edge Tempered Glass for Fossil Q
Explorist (Transparent) | B078QM81SY ( MAWSDWH15104
)",,-₹12.67,,,,,1,,,,₹43.33,₹240.72 18% IGST,,₹284.05,₹253.39,,,,1.0
,,,,,,,TOTAL:,,,,,,,₹43.33 ₹284.05,,,,,
,,,,,,,"Amount in Words:
Two Hundred And Eighty-four Point Zero Five only",,,,,,,,,,,,
,,,,,,,"For Vagh Trader Private Limited:
Authorized Signatory",,,,,,,,,,,,
,,,,,,,,,"Affix 1.5M 2.4 Amp Type-C USB Data Sync and Fast Charging Cable
1
₹168.64
1
for All Type C Devices(Black) | B078GHKWPX ( AFAC031B )",,₹168.64 18% IGST ₹30.36,,,₹199.00,,,,,
,,,,,,,,,TOTAL:,,,,,₹30.36 ₹199.00,,,,,
,,,,,,,,,"Amount in Words:
One Hundred And Ninety-nine only",,,,,,,,,,
,,,,,,,,,"For Techguru:
Authorized Signatory",,,,,,,,,,
"The Boy in the Striped Pyjamas (Vintage Childrens Classics) |
0099572869 ( 9780099572862 )",,,,₹162.00,1.0,,1,,,,"₹0.00
₹0.00
₹0.00
₹0.00
₹0.00
₹0.00","0%
0%
0%
0%
0%","IGST
0% CGST
IGST
None
VAT
SGST",₹162.00,₹162.00,,,,
,,,,,,,TOTAL:,,,,,,,₹0.00 ₹162.00,,,,,
,,,,,,,"Amount in Words:
One Hundred And Sixty-two only",,,,,,,,,,,,
,,,,,,,"For prakash eSolutions pvt ltd:
Authorized Signatory",,,,,,,,,,,,
"SKUDGEAR Foot Care Plantar Fasciitis Arch Support Sleeve
Cushion Heel Spurs Neuromas Flat Feet Orthopedic Pad Foot Arch
Orthotic Tool - Free Size - 1 Pair | B07CRHBTSR ( SG_PS_1_1 )",,,,,1.0,,1,,,,"₹9.50
₹9.50",₹380.00 2.5% CGST,2.5% SGST,₹399.00,₹380.00,,,,
,,,,,,,TOTAL:,,,,,,,₹19.00 ₹399.00,,,,,
,,,,,,,"Amount in Words:
Three Hundred And Ninety-nine only",,,,,,,,,,,,
,,,,,,,"For FLASH LEAGUE:
Authorized Signatory",,,,,,,,,,,,
"Navy Sport Men's Solid Ankle Length Socks - Pack of 3 -
sa-lg-1_Grey | B073WX336M ( SA-LG-1 )",,,,₹189.52,1.0,,1,,,,"₹4.74
₹4.74",,"2.5% CGST
2.5% SGST",₹199.00,₹189.52,,,,
,,,,,,,TOTAL:,,,,,,,₹9.48 ₹199.00,,,,,
,,,,,,,"Amount in Words:
One Hundred And Ninety-nine only",,,,,,,,,,,,
,,,,,,,"For RAVR ENTERPRISES:
Authorized Signatory",,,,,,,,,,,,
"Systems Programming & Operating Systems (Second Revised
Edition), 2/e | 0074635794 ( WA-Y3UN-JAPW ) 
Shipping Charges",,,,,1.0,,1,,,,"₹0.00
₹0.00
₹0.00
₹0.00
₹0.00
₹0.00
₹0.00
₹0.00","₹349.00 0% IGST
₹120.00 0% IGST","0% CGST
0% IGST
0% None
0% CGST
0% IGST
0% None","₹349.00
₹120.00","₹349.00
₹120.00",,,,
,,,,,,,TOTAL:,,,,,,,₹0.00 ₹469.00,,,,,
,,,,,,,"Amount in Words:
Four Hundred And Sixty-nine only",,,,,,,,,,,,
,,,,,,,"For Shipla books:
Authorized Signatory",,,,,,,,,,,,
"Park Avenue Anti-Dandruff Beer Shampoo, 370ml |
B075KMSRD5 ( B075KMSRD5 ) 
HSN:33051010",,,,₹180.50,1.0,,1,,,,"₹16.25
₹16.25","9%
9%","CGST
SGST",₹213.00,₹180.50,,,,
,,,,,,,TOTAL:,,,,₹32.50,,,₹213.00,,,,,
,,,,,,,"Amount in Words:
Two Hundred And Thirteen only",,,,,,,,,,,,
,,,,,,,"For Cloudtail India Private Limited:
Authorized Signatory",,,,,,,,,,,,
"Digital Image Processing Using MATLAB® | 0070702624 (
9780070702622 )",,,,₹484.00,1.0,,1,,,,"₹0.00
₹0.00
₹0.00
₹0.00
₹0.00
₹0.00","0%
0%
0%
0%
0%
0%","IGST
CGST
IGST
None
VAT
SGST",₹484.00,₹484.00,,,,
,,,,,,,TOTAL:,,,,₹0.00,,,₹484.00,,,,,
,,,,,,,"Amount in Words:
Four Hundred And Eighty-four only",,,,,,,,,,,,
,,,,,,,"For UBS Publishers Distributors Pvt Ltd:
Authorized Signatory",,,,,,,,,,,,
"Xam Idea 20 Plus CBSE Sample Papers Mathematics Class 10 for
2019 Exam | 9388272242 ( mb9388272242 )",,,,₹95.00,1.0,,1,,,,"₹0.00
₹0.00
₹0.00
₹0.00
₹0.00
₹0.00","0%
0%
0%
0%","IGST
0% CGST
IGST
None
VAT
0% SGST",₹95.00,₹95.00,,,,
,,,,,,,TOTAL:,,,,,,,₹0.00 ₹95.00,,,,,
,,,,,,,"Amount in Words:
Ninety-five only",,,,,,,,,,,,
,,,,,,,"For Mittal Books:
Authorized Signatory",,,,,,,,,,,,
"ZHENGTU Paper Clipboard Writing Pad, Exam Board for
Kids/Students, Transparent Writing Pad - Documents Remain Visible
with One Side Ruler | B07LH1S41D ( KC-LCU2-SZ63 )",,,,₹101.70,1.0,,1,,,,"₹9.15
₹9.15",,"9% CGST
9% SGST",₹120.00,₹101.70,,,,
,,,,,,,TOTAL:,,,,,,,₹18.30 ₹120.00,,,,,
,,,,,,,"Amount in Words:
One Hundred And Twenty only",,,,,,,,,,,,
,,,,,,,"For AVB EXPRESS SERVICES PVT LTD:
Authorized Signatory",,,,,,,,,,,,
"Xtrim Macho Unisex Leather Workout Gloves (Black,Medium) |
B01N7ZB5C7 ( PRO FIRM M ) 
HSN:4203",,,,₹329.46,1.0,,1,,,,₹39.54,12%,IGST,₹369.00,₹329.46,,,,
,,,,,,,TOTAL:,,,,,,,₹39.54 ₹369.00,,,,,
,,,,,,,"Amount in Words:
Three Hundred And Sixty-nine only",,,,,,,,,,,,
,,,,,,,"For SREE GLOVES:
Authorized Signatory",,,,,,,,,,,,
"Cellshell Crystal Clear Ultra Thin Transparent Soft Jelly Flexible Back
Cover for LG G6 | B07GPQWRKD ( lg-g6-tpu )",,,,₹168.64,1.0,,1,,,,"₹15.18
₹15.18",,"9% CGST
9% SGST",₹199.00,₹168.64,,,,
,,,,,,,TOTAL:,,,,,,,₹30.36 ₹199.00,,,,,
,,,,,,,"Amount in Words:
One Hundred And Ninety-nine only",,,,,,,,,,,,
,,,,,,,"For Real Shopping:
Authorized Signatory",,,,,,,,,,,,
"Cedo 5D Edge to Edge 9H Tempered Glass Screen Protector for
Xiaomi Redmi Mi A2 (Black, Pack of 2) | B07HLPJW6S (
B07HLPJW6S ) 
HSN:3926",,,,₹168.64,1.0,,1,,,,"₹15.18
₹15.18",,"9% CGST
9% SGST",₹199.00,₹168.64,,,,
,,,,,,,TOTAL:,,,,,,,₹30.36 ₹199.00,,,,,
,,,,,,,"Amount in Words:
One Hundred And Ninety-nine only",,,,,,,,,,,,
,,,,,,,"For Appario Retail Private Ltd:
Authorized Signatory",,,,,,,,,,,,
"Mi A2 (Black, 4GB RAM, 64GB Storage) | B077PW9VBW
( MIA2-BLACK-64GB-D ) 
HSN:8517",,,,"₹12,499.11",,,1,,,,,,"12% IGST ₹1,499.89 ₹13,999.00",,,,"₹12,499.11",1.0,
,,,,,,,TOTAL:,,,,"₹1,499.89 ₹13,999.00",,,,,,,,
,,,,,,,"Amount in Words:
Thirteen Thousand Nine Hundred And Ninety-nine only",,,,,,,,,,,,
,,,,,,,"For Darshita Aashiyana Private Limited:
Authorized Signatory",,,,,,,,,,,,
"SoundBot SB210 Wireless Winter Beanie Headset |
B0163N2T38 ( B0163N2T38 ) 
HSN:8518",,,,"₹1,270.34",1.0,,1,,,,"₹228.66 ₹1,499.00",18%,IGST,,"₹1,270.34",,,,
,,,,,,,TOTAL:,,,,"₹228.66 ₹1,499.00",,,,,,,,
,,,,,,,"Amount in Words:
One Thousand Four Hundred And Ninety-nine only",,,,,,,,,,,,
,,,,,,,"For Appario Retail Private Ltd:
Authorized Signatory",,,,,,,,,,,,
"Plus Soft Silicone TPU Transparent Clear Case Soft Back Case
Cover With Packaging Kit For LG G6 | B074DXRP6C ( lg-g6-tpu )",,,,₹168.64,1.0,,1,,,,"₹15.18
₹15.18",,"9% CGST
9% SGST",₹199.00,₹168.64,,,,
,,,,,,,TOTAL:,,,,,,,₹30.36 ₹199.00,,,,,
,,,,,,,"Amount in Words:
One Hundred And Ninety-nine only",,,,,,,,,,,,
,,,,,,,"For Plus Enterprises:
Authorized Signatory",,,,,,,,,,,,
"Yellow Chimes Doctor Strange Men Eye Collection Pendant for
Women (Brown)(YCFJPD-180EYE-BR) | B07DGX7ZMQ (
B07DGX7ZMQ )",,,,,1.0,,1,,,,"₹2.90
₹2.90",₹193.20 1.5% CGST,1.5% SGST,₹199.00,₹193.20,,,,
,,,,,,,TOTAL:,,,,,,,₹5.80 ₹199.00,,,,,
,,,,,,,"Amount in Words:
One Hundred And Ninety-nine only",,,,,,,,,,,,
,,,,,,,"For Cloudtail India Private Limited:
Authorized Signatory",,,,,,,,,,,,
"Campus Sutra Black Zipped Men Hooded Sweatshirt |
B00QTSWRCG ( CS_ZH_M_PLN_BL_S ) 
HSN:61051020",,,,₹570.48,,1.0,1,,,,,,5% IGST,₹28.52 ₹599.00,₹570.48,,,,
,,,,,,,TOTAL:,,,,,,,₹28.52 ₹599.00,,,,,
,,,,,,,"Amount in Words:
Five Hundred And Ninety-nine only",,,,,,,,,,,,
,,,,,,,"For Campus Sutra:
Authorized Signatory",,,,,,,,,,,,
"Omron HEM-6131 Automatic Wrist Blood Pressure
Monitor | B00F38B54O ( B00F38B54O ) 
HSN:9018",,,,,,1.0,1,,,,,"₹2,589.29 12% IGST ₹310.71 ₹2,900.00",,,"₹2,589.29",,,,
,,,,,,,TOTAL:,,,,,,,"₹310.71 ₹2,900.00",,,,,
,,,,,,,"Amount in Words:
Two Thousand Nine Hundred only",,,,,,,,,,,,
,,,,,,,"For Cloudtail India Private Limited:
Authorized Signatory",,,,,,,,,,,,
"1 Wonder 8 mm Strong Acrylic Adhesive Clear Double Sided Tape
Heat Resistant Double-sided Transparent Clear Adhesive Tape
25 Mts | B072158F9N ( 8mm red polister 1pcs ela )",,,,,,1.0,,,,,"₹0.00
₹0.00
₹0.00",₹179.00 0% IGST,"0% CGST
0% IGST
0% None",₹0.00 ₹179.00,₹179.00,,,,
,,,,,,,TOTAL:,,,,,,,₹0.00 ₹179.00,,,,,
,,,,,,,"Amount in Words:
One Hundred And Seventy-nine only",,,,,,,,,,,,
,,,,,,,"For sivanya eco traders:
Authorized Signatory",,,,,,,,,,,,
"18 Days: The Mahabharata | 9384030341 (
9789384030346 )",,,,₹184.00,1.0,,1,,,,"₹0.00
₹0.00
₹0.00
₹0.00
₹0.00
₹0.00","0%
0%
0%
0%
0%
0%","IGST
CGST
IGST
None
VAT
SGST",₹184.00,₹184.00,,,,
,,,,,,,TOTAL:,,,,₹0.00,,,₹184.00,,,,,
,,,,,,,"Amount in Words:
One Hundred And Eighty-four only",,,,,,,,,,,,
,,,,,,,"For prakash eSolutions pvt ltd:
Authorized Signatory",,,,,,,,,,,,
"Campus Sutra Black Zipped Men Hooded Sweatshirt |
B00QTSWRCG ( CS_ZH_M_PLN_BL_S ) 
HSN:61051020",,,,₹570.48,,1.0,1,,,,,,5% IGST,₹28.52 ₹599.00,₹570.48,,,,
,,,,,,,TOTAL:,,,,,,,₹28.52 ₹599.00,,,,,
,,,,,,,"Amount in Words:
Five Hundred And Ninety-nine only",,,,,,,,,,,,
,,,,,,,"For Campus Sutra:
Authorized Signatory",,,,,,,,,,,,
"Colgate Toothpaste Visible White Sparkling Mint - 200 g
(Whitening-Saver) | B00I6F64T2 ( B00I6F64T2 ) 
HSN:3306.10.20",,,,,,1.0,1,,,,,₹133.90 18% IGST ₹24.10 ₹158.00,,,₹133.90,,,,
,,,,,,,TOTAL:,,,,,,,₹24.10 ₹158.00,,,,,
,,,,,,,"Amount in Words:
One Hundred And Fifty-eight only",,,,,,,,,,,,
,,,,,,,"For Cloudtail India Private Limited:
Authorized Signatory",,,,,,,,,,,,
"Nationalism | 8175993103 (
8175993103 )",,,,₹89.00,,1.0,1,,,,"₹0.00
₹0.00
₹0.00
₹0.00
₹0.00
₹0.00","0%
0%
0%
0%
0%
0%","IGST
CGST
IGST
None
VAT
SGST",₹89.00,₹89.00,,,,
,,,,,,,TOTAL:,,,,₹0.00,,,₹89.00,,,,,
,,,,,,,"Amount in Words:
Eighty-nine only",,,,,,,,,,,,
,,,,,,,"For Prakash eSolutions:
Authorized Signatory",,,,,,,,,,,,
"The Home and the World | 8186685278 (
9788186685273 )",,,,₹89.00,,1.0,1,,,,"₹0.00
₹0.00
₹0.00
₹0.00
₹0.00
₹0.00","0%
0%
0%
0%
0%
0%","IGST
CGST
IGST
None
VAT
SGST",₹89.00,₹89.00,,,,
,,,,,,,TOTAL:,,,,₹0.00,,,₹89.00,,,,,
,,,,,,,"Amount in Words:
Eighty-nine only",,,,,,,,,,,,
,,,,,,,"For UBS Publishers&amp;#39; Distributors Pvt Ltd.:
Authorized Signatory",,,,,,,,,,,,
,,,,,,,,"Spotzero Zero Dust Floor Broom (Aqua Green) |
1
₹132.38
-₹28.57
1
₹103.81
5% IGST
B01N97RZ15 ( B01N97RZ15 )",,,₹5.19,,,₹109.00,,,,,
,,,,,,,,TOTAL:,,,,,,₹5.19 ₹109.00,,,,,
,,,,,,,,"Amount in Words:
One Hundred And Nine only",,,,,,,,,,,
,,,,,,,,"For Cloudtail India Private Limited:
Authorized Signatory",,,,,,,,,,,
"Xcellence 5 Blade Kitchen Scissors | B01IFX27DG (
6E-QZHB-XCIE )",,,,₹508.92,,1.0,1,,,,"₹30.54
₹30.54","6%
6%","CGST
SGST",₹570.00,₹508.92,,,,
,,,,,,,TOTAL:,,,,₹61.08,,,₹570.00,,,,,
,,,,,,,"Amount in Words:
Five Hundred And Seventy only",,,,,,,,,,,,
,,,,,,,"For Cross Continents Multi Services:
Authorized Signatory",,,,,,,,,,,,
"Nayasa Lacy Round 3 Piece Basket Set, Beige, Peach and
Chocolate | B01N4D3BHE ( B01N4D3BHE ) 
HSN:3926",,,,₹162.72,,1.0,1,,,,₹14.64,,"9% CGST ₹14.64 ₹192.00
9% SGST",,₹162.72,,,,
,,,,,,,TOTAL:,,,,,,,₹29.28 ₹192.00,,,,,
,,,,,,,"Amount in Words:
One Hundred And Ninety-two only",,,,,,,,,,,,
,,,,,,,"For Cloudtail India Private Limited:
Authorized Signatory",,,,,,,,,,,,
"Philips ActionFit SHQ1200 Sports In-Ear Headphones (Orange
and Grey) | B008ZW2X0U ( B008ZW2X0U ) 
HSN:8518",,,,₹516.10,,1.0,1,,,,,,"9% CGST ₹46.45 ₹609.00
9% SGST ₹46.45",,₹516.10,,,,
,,,,,,,TOTAL:,,,,,,,₹92.90 ₹609.00,,,,,
,,,,,,,"Amount in Words:
Six Hundred And Nine only",,,,,,,,,,,,
,,,,,,,"For Cloudtail India Private Limited:
Authorized Signatory",,,,,,,,,,,,
"Diary of a Wimpy Kid: The Getaway (book 12) |
0141385294 ( ABK 0260420 )",,,,₹198.00,,1.0,1,,,,"₹0.00
₹0.00
₹0.00
₹0.00
₹0.00
₹0.00","0%
0%
0%
0%
0%
0%","IGST
CGST
IGST
None
VAT
SGST",₹198.00,₹198.00,,,,
,,,,,,,TOTAL:,,,,₹0.00,,,₹198.00,,,,,
,,,,,,,"Amount in Words:
One Hundred And Ninety-eight only",,,,,,,,,,,,
,,,,,,,"For India Book Distributors (Bombay) Limited:
Authorized Signatory",,,,,,,,,,,,
"Celebration™ Makeup Vanity Mirror with LED Portable 16
Dimmable LED, 180° Rotation Multi Colors | B074FWTVPS (
AZ-P7OJ-8RJP )",,,,₹761.86,,1.0,1,,,,₹68.57,,"9% CGST ₹68.57 ₹899.00
9% SGST",,₹761.86,,,,
,,,,,,,TOTAL:,,,,,,,₹137.14 ₹899.00,,,,,
,,,,,,,"Amount in Words:
Eight Hundred And Ninety-nine only",,,,,,,,,,,,
,,,,,,,"For Celebration Gifts LLP:
Authorized Signatory",,,,,,,,,,,,
"Diary of A Wimpy Kid: The Meltdown (Book 13) (Diary of a Wimpy
Kid 13) | 0141378204 ( ABK 0316761 )",,,,₹248.00 0%,1.0,,1,,,,"₹0.00
₹0.00
₹0.00
₹0.00
₹0.00
₹0.00","0%
0%","IGST
0% CGST
IGST
0% None
VAT
0% SGST",₹248.00,₹248.00,,,,
,,,,,,,TOTAL:,,,,,,,₹0.00 ₹248.00,,,,,
,,,,,,,"Amount in Words:
Two Hundred And Forty-eight only",,,,,,,,,,,,
,,,,,,,"For India Book Distributors (Bombay) Limited:
Authorized Signatory",,,,,,,,,,,,
"1 MTT Crystal Clear Transparent Soft Jelly Flexible back case
cover for Google Pixel 2 | B076D7MQQ7 ( PIXEL2-TPU-CLEAR
) 
HSN:3926",,,,,,1.0,,,,,,₹253.40 9% CGST ₹22.80 ₹299.00,9% SGST ₹22.80,,₹253.40,,,,
,,,,,,,TOTAL:,,,,,,,₹45.60 ₹299.00,,,,,
,,,,,,,"Amount in Words:
Two Hundred And Ninety-nine only",,,,,,,,,,,,
,,,,,,,"For MTT Telcom Private Limited:
Authorized Signatory",,,,,,,,,,,,
"Plus 0.3mm Tempered Glass For Moto Z Play, 9H Hardness,
2.5D Curved Edge With Alcohol Wet Cloth Pad, Clean Micro
Fibre Dry Cloth | B01MA4E4JZ ( motozplayglass-2 )",,,,₹194.06,,1.0,1,,,,"₹17.47
₹17.47",,"9% CGST
9% SGST",₹229.00,₹194.06,,,,
,,,,,,,TOTAL:,,,,,,,₹34.94 ₹229.00,,,,,
,,,,,,,"Amount in Words:
Two Hundred And Twenty-nine only",,,,,,,,,,,,
,,,,,,,"For Plus Enterprises:
Authorized Signatory",,,,,,,,,,,,
"Nayasa Plain Passion 2 Piece Basket, Green | B01GRRYOAQ
( B01GRRYOAQ )",,,,₹123.74,,1.0,1,,,,"₹11.13
₹11.13",,"9% CGST
9% SGST",₹146.00,₹123.74,,,,
"Nayasa Plastic Jingle No 2 Basket Set, Set of 3, Orange |
B01GRKT0FW ( B01GRKT0FW ) 
HSN:3924",,,,₹118.00,,1.0,2,,,,"₹0.00
₹0.00
₹0.00
₹0.00
₹0.00
₹0.00","0%
0%
0%
0%","IGST
0% CGST
IGST
None
VAT
0% SGST",₹118.00,₹118.00,,,,
,,,,,,,TOTAL:,,,,,,,₹22.26 ₹264.00,,,,,
,,,,,,,"Amount in Words:
Two Hundred And Sixty-four only",,,,,,,,,,,,
,,,,,,,"For Cloudtail India Private Limited:
Authorized Signatory",,,,,,,,,,,,
"AmazonBasics 3.5 mm Coiled Stereo Audio Cable - 6.5 feet (2
Meters) - Black | B00NH12BXS ( B00NH12BXS ) 
HSN:8544",,,,,,1.0,1,,,,₹53.24,₹295.76 18% IGST,,₹349.00,₹295.76,,,,
,,,,,,,TOTAL:,,,,,,,₹53.24 ₹349.00,,,,,
,,,,,,,"Amount in Words:
Three Hundred And Forty-nine only",,,,,,,,,,,,
,,,,,,,"For Cloudtail India Private Limited:
Authorized Signatory",,,,,,,,,,,,
"iVoltaa QC 3.0 36W - 6.0A Dual Port USB Car Charger, Both Port
QC 3.0 for Samsung Galaxy S8 / S7 / S6 / Edge / Plus, iPhone 7 /
6s / Plus, iPad Pro / Air 2 / mini, LG, Xiaomi, Letv, Pixel, Huawei,
Vivo, Micromax, Nexus, HTC and More | B075HD93H9 (
iVCC-2PQC-BLK ) 
HSN:8504",,,,,,1.0,1,,,,,₹702.34 28% IGST ₹196.66 ₹899.00,,,₹702.34,,,,
,,,,,,,TOTAL:,,,,,,,₹196.66 ₹899.00,,,,,
,,,,,,,"Amount in Words:
Eight Hundred And Ninety-nine only",,,,,,,,,,,,
,,,,,,,"For Voltaa Global:
Authorized Signatory",,,,,,,,,,,,
"Philips Beard Trimmer Cordless for Men QT4005/15 |
B00CE3FT66 ( B00CE3FT66 ) 
HSN:8510",,,,₹936.72,,1.0,1,,,,,,"14% CGST ₹131.14 ₹1,199.00
14% SGST ₹131.14",,₹936.72,,,,
,,,,,,,TOTAL:,,,,,,,"₹262.28 ₹1,199.00",,,,,
,,,,,,,"Amount in Words:
One Thousand One Hundred And Ninety-nine only",,,,,,,,,,,,
,,,,,,,"For Cloudtail India Private Limited:
Authorized Signatory",,,,,,,,,,,,
"SanDisk Ultra MicroSDHC 16GB UHS-I Class 10 Memory Card
(Upto 80 MB/s Speed),with adapter | B010Q57SEE (
B010Q57SEE ) 
HSN:8523",,,,,,1.0,1,,,,,₹363.56 18% IGST ₹65.44 ₹429.00,,,₹363.56,,,,
,,,,,,,TOTAL:,,,,,,,₹65.44 ₹429.00,,,,,
,,,,,,,"Amount in Words:
Four Hundred And Twenty-nine only",,,,,,,,,,,,
,,,,,,,"For Cloudtail India Private Limited:
Authorized Signatory",,,,,,,,,,,,
"Thank You for Being Late: An Optimist's Guide to Thriving in
the Age of Accelerations | 0241300975 ( ABK 0201885 )",,,,,,1.0,1,,,,"₹0.00
₹0.00
₹0.00
₹0.00
₹0.00","₹459.00 0% IGST
0%","0% CGST
0% IGST
0% None
VAT
0% SGST",₹0.00 ₹459.00,₹459.00,,,,
,,,,,,,TOTAL:,,,,,,,₹0.00 ₹459.00,,,,,
,,,,,,,"Amount in Words:
Four Hundred And Fifty-nine only",,,,,,,,,,,,
,,,,,,,"For India Book Distributors (Bombay) Limited:
Authorized Signatory",,,,,,,,,,,,
"1 GADGETS WRAP FULL BODY SUPERHERO (BATMAN) SKIN
FOR SAMSUNG GALAXY S8 (S-24) | B073XMTRMH (
7C-SO56-8IHJ )",,,,₹285.71,,1.0,,,,,,,5% IGST,₹14.29 ₹300.00,₹285.71,,,,
"2 GADGETS WRAP FULL BODY WOODEN TEAK SKIN FOR
SAMSUNG GALAXY S8 (S-144) | B073YQDWQQ (
WC-61LW-12AH )",,,,₹219.05,,1.0,,,,,,,5% IGST ₹10.95,₹230.00,₹219.05,,,,
,,,,,,,TOTAL:,,,,,,,₹25.24 ₹530.00,,,,,
,,,,,,,"Amount in Words:
Five Hundred And Thirty only",,,,,,,,,,,,
,,,,,,,"For SHOE HOME:
Authorized Signatory",,,,,,,,,,,,
"Absorbia Refill Pouch | B00MHQJ8KI (
I4-U0RY-Q2VV )",,,₹0.00,,,,1,,,,₹55.68,₹309.32 18% IGST,,₹365.00,₹309.32,,,,1.0
"ABSORBIA Hanging Pouch Family pack |
B01HZTGUMU ( EA-9TO8-I32E )",,,-₹59.32,₹448.31,,,2,,,,,,18% IGST ₹80.69,₹529.00,₹507.63,,,,1.0
"Absorbia Sachet Family Pack | B00MHOQ7L8 (
S2-JEGB-QMH8 ) 
HSN:38249090",,,₹0.00,₹253.39,,,3,,,,₹45.61,,18% IGST,₹299.00,₹253.39,,,,1.0
"Absorbia Reusable Box | B00MHOY1B6 (
DB-RRMX-17ZP ) 
HSN:38249090",,,₹0.00,,,,4,,,,₹85.12,₹472.88 18% IGST,,₹558.00,₹236.44,,,,2.0
,,,,,,,TOTAL:,,,,,,,"₹267.10 ₹1,751.00",,,,,
,,,,,,,"Amount in Words:
One Thousand Seven Hundred And Fifty-one only",,,,,,,,,,,,
,,,,,,,"For Better & Brighter Homecare Pvt ltd:
Authorized Signatory",,,,,,,,,,,,
"Men Deserve Hair Styling Cream Strong Hold (Keratin
Restore) | B0765TYLFX ( RY-K644-X2RK )",,-₹13.94,,₹264.88,,,1,,,,,,"9% CGST ₹23.83
9% SGST ₹23.84",₹312.55,₹278.82,,,,1.0
,,,,,,,TOTAL:,,,,,,,₹47.67 ₹312.55,,,,,
,,,,,,,"Amount in Words:
Three Hundred And Twelve Point Five Five only",,,,,,,,,,,,
,,,,,,,"For Men Deserve:
Authorized Signatory",,,,,,,,,,,,
"Corporate Guru Dhirubhai Ambani | 8128824287 (
9788128824289 )",,,,₹79.00,,1.0,1,,,,"₹0.00
₹0.00
₹0.00
₹0.00
₹0.00
₹0.00","0%
0%
0%
0%
0%
0%","IGST
CGST
IGST
None
VAT
SGST",₹79.00,₹79.00,,,,
,,,,,,,TOTAL:,,,,₹0.00,,,₹79.00,,,,,
,,,,,,,"Amount in Words:
Seventy-nine only",,,,,,,,,,,,
,,,,,,,"For UBS Publishers&amp;#39; Distributors Pvt Ltd.:
Authorized Signatory",,,,,,,,,,,,
"Fangirl | 1447263227 ( 9781447263227
) 
Gift Wrap Charges",,,,"₹271.00
₹30.00",,1.0,1,,,,"₹0.00
₹0.00
₹0.00
₹0.00
₹0.00
₹0.00
₹0.00
₹0.00
₹0.00
₹0.00
₹0.00
₹0.00","0%
0%
0%
0%
0%
0%
0%
0%
0%
0%
0%
0%","IGST
CGST
IGST
None
VAT
SGST
IGST
CGST
IGST
None
VAT
SGST","₹271.00
₹30.00","₹271.00
₹30.00",,,,
,,,,,,,TOTAL:,,,,₹0.00,,,₹301.00,,,,,
,,,,,,,"Amount in Words:
Three Hundred And One only",,,,,,,,,,,,
,,,,,,,"For Prakash eSolutions:
Authorized Signatory",,,,,,,,,,,,
"VISHAL INDIA CRAFT JOYO POP UP ICE TRAY WITH LID -
SET OF 2 ( COLOR MAY VARY ) | B071YNHCVL (
ptray001-1-vishal )",,,,₹328.57,,1.0,1,,,,,,12% IGST ₹39.43 ₹368.00,,₹328.57,,,,
,,,,,,,TOTAL:,,,,,,,₹39.43 ₹368.00,,,,,
,,,,,,,"Amount in Words:
Three Hundred And Sixty-eight only",,,,,,,,,,,,
,,,,,,,"For VISHAL INDIA MART:
Authorized Signatory",,,,,,,,,,,,
,,,,,,,,,,"Koochie Koo hanger clip (FFI046) | B00O7G71QO (
1
IGST
₹186.44
1
₹186.44
18%
Hanger (Round-2120) )",₹33.56,,,₹220.00,,,,,
,,,,,,,,,,TOTAL:,₹33.56,,,₹220.00,,,,,
,,,,,,,,,,"Amount in Words:
Two Hundred And Twenty only",,,,,,,,,
,,,,,,,,,,"For NARAYANA ENTERPRISE:
Authorized Signatory",,,,,,,,,
"Star Wars: A New Dawn | 0099590883 ( ABK
0166131 )",,,,₹214.00,,1.0,1,,,,"₹0.00
₹0.00
₹0.00
₹0.00
₹0.00
₹0.00","0%
0%
0%
0%
0%
0%","IGST
CGST
IGST
None
VAT
SGST",₹214.00,₹214.00,,,,
,,,,,,,TOTAL:,,,,₹0.00,,,₹214.00,,,,,
,,,,,,,"Amount in Words:
Two Hundred And Fourteen only",,,,,,,,,,,,
,,,,,,,"For India Book Distributors (Bombay) Limited:
Authorized Signatory",,,,,,,,,,,,
,,,,,,,,,,"SKIN WORLD FULL BODY LEATHER BLACK SKIN FOR
1
₹276.19
1
₹276.19
5% IGST
SAMSUNG GALAXY S8 | B071V82GQT ( JU-WZAZ-FB9S )",₹13.81,,,₹290.00,,,,,
,,,,,,,,,,TOTAL:,,,,₹13.81 ₹290.00,,,,,
,,,,,,,,,,"Amount in Words:
Two Hundred And Ninety only",,,,,,,,,
,,,,,,,,,,"For skin world:
Authorized Signatory",,,,,,,,,
"Tukzer Nylon Braided Premium 3.5mm Aux Audio Cable for Car
(Silver and Black) | B01BVEUMJW ( B01BVEUMJW ) 
HSN:8708",,,,,,1.0,1,,,,,₹253.40 9% CGST ₹22.80 ₹299.00,9% SGST ₹22.80,,₹253.40,,,,
,,,,,,,TOTAL:,,,,,,,₹45.60 ₹299.00,,,,,
,,,,,,,"Amount in Words:
Two Hundred And Ninety-nine only",,,,,,,,,,,,
,,,,,,,"For Cloudtail India Private Limited:
Authorized Signatory",,,,,,,,,,,,
"1 Generic Flexible Mouse Bungee Cord Clip Wire Cable
Organizer Holder Line Fixe...-14014409MG |
B01983HEU8 ( 14014409MG ) 
Shipping Charges",,,,Rs.50.85,,1.0,,,,,Rs.9.15,Rs.686.44 18% IGST Rs.123.56 Rs.810.00,18% IGST,Rs.60.00,"Rs.686.44
Rs.50.85",,,,
,,,,,,,TOTAL:,,,,Rs.132.71 Rs.870.00,,,,,,,,
,,,,,,,"Amount in Words:
Eight Hundred And Seventy only",,,,,,,,,,,,
,,,,,,,"For MEILI ECOMMERCE PRIVATE LIMITED:
Authorized Signatory",,,,,,,,,,,,
,,,,,,,,,,"1
Olrada Stainless Steel Compartment Plate - 5 in 1 |
Rs.246.67
2
Rs.493.34
B01K4FBGBW ( stainless steel plate )",5% IGST Rs.24.66 Rs.518.00,,,,,,,,
,,,,,,,,,,TOTAL:,Rs.24.66 Rs.518.00,,,,,,,,
,,,,,,,,,,"Amount in Words:
Five Hundred And Eighteen only",,,,,,,,,
,,,,,,,,,,"For Jagdamba Plastic:
Authorized Signatory",,,,,,,,,
"AmazonBasics In-Ear Headphones with Mic
(White) | B01F2O1H96 ( B01F2O1H96 ) 
HSN:8518",,,1.0,Rs.338.13,,,1,,,,,,"9% CGST Rs.30.43 Rs.399.00
9% SGST Rs.30.44",,,,,Rs.422.88 -Rs.84.75,
,,,,,,,TOTAL:,,,,Rs.60.87 Rs.399.00,,,,,,,,
,,,,,,,"Amount in Words:
Three Hundred And Ninety-nine only",,,,,,,,,,,,
,,,,,,,"For Cloudtail India Private Limited:
Authorized Signatory",,,,,,,,,,,,
"1 Gadget Hero's Thermal Grease Paste ISOL 6 Heat Sink Compound
for CPU and Chipsets(Grey, 30g) | B00V6FT95U ( GH Thermal
Grease ) 
HSN:3926",,,,₹168.64,1.0,,,,,,"₹15.18
₹15.18",,"9% CGST
9% SGST",₹199.00,₹168.64,,,,
,,,,,,,TOTAL:,,,,,,,₹30.36 ₹199.00,,,,,
,,,,,,,"Amount in Words:
One Hundred And Ninety-nine only",,,,,,,,,,,,
,,,,,,,"For RESULTS:
Authorized Signatory",,,,,,,,,,,,
"The Republic | 9380816375 (
9789380816371 )",,,,Rs.182.00,,1.0,1,,,,"Rs.0.00
Rs.0.00
Rs.0.00
Rs.0.00
Rs.0.00
Rs.0.00","0%
0%
0%
0%
0%
0%","IGST
CGST
IGST
None
VAT
SGST",Rs.182.00,Rs.182.00,,,,
,,,,,,,TOTAL:,,,,Rs.0.00,,,Rs.182.00,,,,,
,,,,,,,"Amount in Words:
One Hundred And Eighty-two only",,,,,,,,,,,,
,,,,,,,"For JBCPD:
Authorized Signatory",,,,,,,,,,,,
"ETI Double Side Tissue Tape 3 Roll of 6MM X 50Mtr |
B01N9LS16R ( Tissue 6mmx3Rolls )",,,,Rs.139.00,,1.0,1,,,,,,"0% IGST Rs.0.00 Rs.139.00
0% CGST Rs.0.00
0% IGST Rs.0.00
0% None Rs.0.00",,Rs.139.00,,,,
,,,,,,,TOTAL:,,,,,,,Rs.0.00 Rs.139.00,,,,,
,,,,,,,"Amount in Words:
One Hundred And Thirty-nine only",,,,,,,,,,,,
,,,,,,,"For Sri Sai Enterprises:
Authorized Signatory",,,,,,,,,,,,
"1 Generic Screen Protector for Fitbit Blaze Smart Watch
Tempered Glass Film Face Protector Easy Installation HD
Clarity Anti-scratch | B01M3SV8L2 ( 51004324MG ) 
Shipping Charges",,,,Rs.50.85,,1.0,,,,,,Rs.186.44 18% IGST Rs.33.56 Rs.220.00,18% IGST Rs.9.15,Rs.60.00,"Rs.186.44
Rs.50.85",,,,
,,,,,,,TOTAL:,,,,Rs.42.71 Rs.280.00,,,,,,,,
,,,,,,,"Amount in Words:
Two Hundred And Eighty only",,,,,,,,,,,,
,,,,,,,"For MEILI ECOMMERCE PRIVATE LIMITED:
Authorized Signatory",,,,,,,,,,,,
"1 House of Quirk USB Type-C Magnetic cable.X Data.
Charging 2A & Data Sync USB Type-C Cable |
B072VDGRJ6 ( TYPE_C_DATA_CABLE )",,,,,,1.0,,,,,,Rs.487.29 18% IGST Rs.87.71 Rs.575.00,,,Rs.487.29,,,,
,,,,,,,TOTAL:,,,,Rs.87.71 Rs.575.00,,,,,,,,
,,,,,,,"Amount in Words:
Five Hundred And Seventy-five only",,,,,,,,,,,,
,,,,,,,"For Inventure Retail:
Authorized Signatory",,,,,,,,,,,,
"Tim Hawk Cleaning Duster Brush |
B00RQECXLM ( B00RQECXLM ) 
HSN:9603",,,1.0,,,,1,,,,,Rs.125.43 18% IGST Rs.22.57 Rs.148.00,,,,,,Rs.167.80 -Rs.42.37,
,,,,,,,TOTAL:,,,,Rs.22.57 Rs.148.00,,,,,,,,
,,,,,,,"Amount in Words:
One Hundred And Forty-eight only",,,,,,,,,,,,
,,,,,,,"For Cloudtail India Private Limited:
Authorized Signatory",,,,,,,,,,,,
"KM 36 Grid Cells Multipurpose Plastic Storage
Box with Removable Dividers, White |
B06XGW48Y5 ( B06XGW48Y5 )",,,1.0,Rs.148.30,,,1,,,,,,"9% CGST Rs.13.35 Rs.175.00
9% SGST Rs.13.35",,,,,Rs.211.86 -Rs.63.56,
,,,,,,,TOTAL:,,,,Rs.26.70 Rs.175.00,,,,,,,,
,,,,,,,"Amount in Words:
One Hundred And Seventy-five only",,,,,,,,,,,,
,,,,,,,"For Cloudtail India Private Limited:
Authorized Signatory",,,,,,,,,,,,
"SeCro Type C Data Cable 20cm Short Type C Power Bank
Cable For All Type C Mobiles & Devices | B072C38YRH (
TypeC-Shortcable-Silver ) 
HSN:8544",,,,,,1.0,1,,,,,Rs.266.96 12% IGST Rs.32.04 Rs.299.00,,,Rs.266.96,,,,
,,,,,,,TOTAL:,,,,Rs.32.04 Rs.299.00,,,,,,,,
,,,,,,,"Amount in Words:
Two Hundred And Ninety-nine only",,,,,,,,,,,,
,,,,,,,"For Smruti Exim Private Limited:
Authorized Signatory",,,,,,,,,,,,
"Tidy Up! Wire Bin, Black | B00U0Y731A (
HCTU-030BL ) 
HSN:39241090",,,,Rs.615.18,,1.0,1,,,,"Rs.36.91
Rs.36.91","6%
6%","CGST
SGST",Rs.689.00,Rs.615.18,,,,
,,,,,,,TOTAL:,,,,Rs.73.82,,,Rs.689.00,,,,,
,,,,,,,"Amount in Words:
Six Hundred And Eighty-nine only",,,,,,,,,,,,
,,,,,,,"For HyperCasa:
Authorized Signatory",,,,,,,,,,,,
"Fitbit Blaze Smart Fitness Watch,
Small (Plum/Silver) |
B019VM3LUS ( B019VM3LUS ) 
HSN:9029","Rs.11,640.62 -Rs.2,266.41",,,,,1.0,1,,,,,"Rs.9,374.21 14% CGST Rs.1,312.39 Rs.11,999.00","14% SGST Rs.1,312.40",,,,,,
,,,,,,,TOTAL:,,,,"Rs.2,624.79 Rs.11,999.00",,,,,,,,
,,,,,,,"Amount in Words:
Eleven Thousand Nine Hundred And Ninety-nine only",,,,,,,,,,,,
,,,,,,,"For Cloudtail India Private Limited:
Authorized Signatory",,,,,,,,,,,,
"AmazonBasics In-Ear Headphones with
universal mic (Black) | B01F2O1GRY (
B01F2O1GRY ) 
HSN:8518",Rs.422.88 -Rs.169.49,,,Rs.253.39,,1.0,1,,,,,,"9% CGST Rs.22.80 Rs.299.00
9% SGST Rs.22.81",,,,,,
,,,,,,,TOTAL:,,,,Rs.45.61 Rs.299.00,,,,,,,,
,,,,,,,"Amount in Words:
Two Hundred And Ninety-nine only",,,,,,,,,,,,
,,,,,,,"For Cloudtail India Private Limited:
Authorized Signatory",,,,,,,,,,,,
"1 Ringke Minimalist Transparent PC Back TPU Bumper Drop
Protection Scratch Resistant Natural Shape Protective Cover for
Pixel 2 XL (Smoke Black) | B075Q9FN4X (
RING-FUS-SMBLK-PIXEL2XL )",,,,₹846.62,1.0,,,,,,"₹76.19
₹76.19",,"9% CGST
9% SGST",₹999.00,₹846.62,,,,
,,,,,,,TOTAL:,,,,,,,₹152.38 ₹999.00,,,,,
,,,,,,,"Amount in Words:
Nine Hundred And Ninety-nine only",,,,,,,,,,,,
,,,,,,,"For Exaktheit Technologies:
Authorized Signatory",,,,,,,,,,,,
"1 POPIO™ Tempered Glass Screen Protector For Moto G5 Plus
(5.2 Inch) with free installation kit with Secure Packing. |
B06Y35QGB2 ( Moto G5 Plus tempered Glass )",,,,,,1.0,,,,,,Rs.77.34 28% IGST Rs.21.66 Rs.99.00,,,Rs.77.34,,,,
,,,,,,,TOTAL:,,,,Rs.21.66 Rs.99.00,,,,,,,,
,,,,,,,"Amount in Words:
Ninety-nine only",,,,,,,,,,,,
,,,,,,,"For Popio World:
Authorized Signatory",,,,,,,,,,,,
"1 Galaxy S8 Screen Protector, Smiling [Case friendly] 3D
Curved Touch Agility 9H Hardness Crystal Clear
Tempered Glass Screen Protector for Samsung Galaxy S8
(Black) | B0721LCWX2 ( NZ-SLTG-7914 )",,,,,,1.0,,,,,,Rs.467.97 28% IGST Rs.131.03 Rs.599.00,,,Rs.467.97,,,,
,,,,,,,TOTAL:,,,,Rs.131.03 Rs.599.00,,,,,,,,
,,,,,,,"Amount in Words:
Five Hundred And Ninety-nine only",,,,,,,,,,,,
,,,,,,,"For vaishnavi ecommerce:
Authorized Signatory",,,,,,,,,,,,
"FOSO Carbon Fiber Shock Proof Rugged Armor back case
cover with Metallic Brush Finish For Moto G5 Plus (5.2
Inches)(Black) | B06XY3LK5H ( FOSO-CARBON-G5+ )",,,,,,1.0,1,,,,,Rs.233.60 14% CGST Rs.32.70 Rs.299.00,14% SGST Rs.32.70,,Rs.233.60,,,,
,,,,,,,TOTAL:,,,,Rs.65.40 Rs.299.00,,,,,,,,
,,,,,,,"Amount in Words:
Two Hundred And Ninety-nine only",,,,,,,,,,,,
,,,,,,,"For DataPower Technologies:
Authorized Signatory",,,,,,,,,,,,
"Jockey Men's Cotton Track Pants
(8901326134443_9510_Medium_Navy and Neon Blue) |
B01EUQMK5M ( B01EUQMK5M )",,,,Rs.848.11,,1.0,1,,,,,,6% VAT Rs.50.89 Rs.899.00,,Rs.848.11,,,,
,,,,,,,TOTAL:,,,,Rs.50.89 Rs.899.00,,,,,,,,
,,,,,,,"Amount in Words:
Eight Hundred And Ninety-nine only",,,,,,,,,,,,
,,,,,,,"For Cloudtail India
Private Limited:
I / We hereby certify that my / our registration certificate under the Maharashtra Value Added Tax Act, 2002 is in force on the date on which the sale of
the goods specified in this tax invoice is made by me / us and that the transaction of sale covered by this tax invoice has been effected by me / us and
it shall be accounted for in the turnover of sales while filing of return and the due tax, if any, payable on the sale has been paid or shall be paid.
Authorized Signatory",,,,,,,,,,,,
,,,,,,,,,,"1
Rights of Man | 9350334321 (
Rs.64.00
1
Rs.64.00
0%
VAT
9789350334324 )",Rs.0.00,,,Rs.64.00,,,,,
,,,,,,,,,,TOTAL:,Rs.0.00,,,Rs.64.00,,,,,
,,,,,,,,,,"Amount in Words:
Sixty-four only",,,,,,,,,
,,,,,,,,,,"For JBCPD:
Authorized Signatory",,,,,,,,,
,,,,,,,,,,"1
Shopaholic kids Microscope Refined Scientific Instruments
Rs.462.26
1
Rs.462.26
Kit - C2121 | B01C8LX3ZM ( SC-C2121-TOY )",6% VAT Rs.27.74 Rs.490.00,,,,,,,,
,,,,,,,,,,TOTAL:,Rs.27.74 Rs.490.00,,,,,,,,
,,,,,,,,,,"Amount in Words:
Four Hundred And Ninety only",,,,,,,,,
,,,,,,,,,,"For smiles creation:
I / We hereby certify that my / our registration certificate under the Maharashtra Value Added Tax Act, 2002 is in force on the date on which the sale of
the goods specified in this tax invoice is made by me / us and that the transaction of sale covered by this tax invoice has been effected by me / us and
it shall be accounted for in the turnover of sales while filing of return and the due tax, if any, payable on the sale has been paid or shall be paid.
Authorized Signatory",,,,,,,,,
"1 Smiles Creation Metal Fidget Spinner Toy Stress Focus Toy
Relieves Boredom more than 3 minutes Spin Time! |
B0719LVC29 ( SC-Metal-Spinner-1 )",,,,Rs.328.30,,1.0,,,,,,,6% VAT Rs.19.70 Rs.348.00,,Rs.328.30,,,,
,,,,,,,TOTAL:,,,,Rs.19.70 Rs.348.00,,,,,,,,
,,,,,,,"Amount in Words:
Three Hundred And Forty-eight only",,,,,,,,,,,,
,,,,,,,"For smiles creation:
I / We hereby certify that my / our registration certificate under the Maharashtra Value Added Tax Act, 2002 is in force on the date on which the sale of
the goods specified in this tax invoice is made by me / us and that the transaction of sale covered by this tax invoice has been effected by me / us and
it shall be accounted for in the turnover of sales while filing of return and the due tax, if any, payable on the sale has been paid or shall be paid.
Authorized Signatory",,,,,,,,,,,,
"1 Xelcoy® 360 Degree Full Body Protection Front & Back Slim
Hybrid Case Cover With Screen Protector for Samsung
Galaxy S8 - Black | B072BSQMH1 ( S8-360-Hard-Black )",,,,Rs.332.38,,1.0,,,,,,,5% CST Rs.16.62 Rs.349.00,,Rs.332.38,,,,
,,,,,,,TOTAL:,,,,Rs.16.62 Rs.349.00,,,,,,,,
,,,,,,,"Amount in Words:
Three Hundred And Forty-nine only",,,,,,,,,,,,
,,,,,,,"For Phoenix infotech:
I / We hereby certify that my / our registration certificate under the Delhi Value Added Tax Act, 2004 is in force on the date on which the sale of the
goods specified in this tax invoice is made by me / us and that the transaction of sale covered by this tax invoice has been effected by me / us and it
shall be accounted for in the turnover of sales while filing of return and the due tax, if any, payable on the sale has been paid or shall be paid.
Authorized Signatory",,,,,,,,,,,,
"Nayasa Plastic Ocean Basket Set, Set of 3, Dark Brown |
B01GRKT5JI ( B01GRKT5JI ) 
HSN:3924",,,,₹166.10,,1.0,1,,,,"₹14.95
₹14.95","9%
9%","CGST
SGST",₹196.00,₹166.10,,,,
,,,,,,,TOTAL:,,,,,,,₹29.90 ₹196.00,,,,,
,,,,,,,"Amount in Words:
One Hundred And Ninety-six only",,,,,,,,,,,,
,,,,,,,"For Cloudtail India Private Limited:
Authorized Signatory",,,,,,,,,,,,
"Kurtzy Plastic Storage Basket boxes organizer container bin
for Storing fruits vegetable Utensils Kitchen(SET OF 4) |
B01N49FLCE ( B270-4 ) 
HSN:3924",,,,,,1.0,1,,,,,"₹1,070.54 12% IGST ₹128.46 ₹1,199.00",,,"₹1,070.54",,,,
,,,,,,,TOTAL:,,,,,,,"₹128.46 ₹1,199.00",,,,,
,,,,,,,"Amount in Words:
One Thousand One Hundred And Ninety-nine only",,,,,,,,,,,,
,,,,,,,"For Fireball Technologies:
Authorized Signatory",,,,,,,,,,,,
"GIZGA 2.5"" Hard Drive Case Self Tattoo Semi Hard Shell
(Navy Blue) | B012HOIDRI ( B012HOIDRI ) 
HSN:4202",,-₹67.79,,₹160.17,,,1,,,,"₹14.41
₹14.42",,"9% CGST
9% SGST",₹189.00,₹227.96,,,,1.0
,,,,,,,TOTAL:,,,,,,,₹28.83 ₹189.00,,,,,
,,,,,,,"Amount in Words:
One Hundred And Eighty-nine only",,,,,,,,,,,,
,,,,,,,"For Appario Retail Private Ltd:
Authorized Signatory",,,,,,,,,,,,
"Lock&Lock Classics Tall Square Food Container, 4 Litres |
B000WZKDDC ( HPL822R )",,,,₹495.76,,1.0,1,,,,,"9%
9%","CGST ₹44.62
SGST ₹44.62",₹585.00,₹495.76,,,,
,,,,,,,TOTAL:,,,,,,,₹89.24 ₹585.00,,,,,
,,,,,,,"Amount in Words:
Five Hundred And Eighty-five only",,,,,,,,,,,,
,,,,,,,"For Raj Prabhu Traders Pvt Ltd:
Authorized Signatory",,,,,,,,,,,,
"AUKEY PA U-28 Qualcomm Quick Charge 2.0 Wall Charger
with Micro-USB Cable - [White] | B01MQD4G9V ( AUKEY PA
U-28 white indian pin )",,,,,,1.0,1,,,,,"₹983.60 14% CGST ₹137.70 ₹1,259.00",14% SGST ₹137.70,,₹983.60,,,,
,,,,,,,TOTAL:,,,,,,,"₹275.40 ₹1,259.00",,,,,
,,,,,,,"Amount in Words:
One Thousand Two Hundred And Fifty-nine only",,,,,,,,,,,,
,,,,,,,"For RAJGURU INTERNATIONAL:
Authorized Signatory",,,,,,,,,,,,
"AmazonBasics In-Ear Headphones with Mic (White) |
B01F2O1H96 ( B01F2O1H96 ) 
HSN:8518",,,1.0,₹295.76,,,1,,,,,,"9% CGST ₹26.62 ₹349.00
9% SGST ₹26.62",,₹422.88 -₹127.12,,,,
,,,,,,,TOTAL:,,,,,,,₹53.24 ₹349.00,,,,,
,,,,,,,"Amount in Words:
Three Hundred And Forty-nine only",,,,,,,,,,,,
,,,,,,,"For Cloudtail India Private Limited:
Authorized Signatory",,,,,,,,,,,,
"AmazonBasics USB Type-C to USB-A 2.0 Male Cable -
6 Feet (1.8 Meters) - White | B01GGKYO1I (
B01GGKYO1I ) 
HSN:8544",,,1.0,₹309.52,,,1,,,,₹15.48,,5% IGST,₹325.00,₹427.62 -₹118.10,,,,
,,,,,,,TOTAL:,,,,,,,₹15.48 ₹325.00,,,,,
,,,,,,,"Amount in Words:
Three Hundred And Twenty-five only",,,,,,,,,,,,
,,,,,,,"For Cloudtail India Private Limited:
Authorized Signatory",,,,,,,,,,,,
"All In One Science - Class 10 (2018-19 Session) |
9312149601 ( mb9312149601 )",,,,₹266.00,1.0,,1,,,,"₹0.00
₹0.00
₹0.00
₹0.00
₹0.00
₹0.00","0%
0%
0%
0%
0%
0%","IGST
CGST
IGST
None
VAT
SGST",₹266.00,₹266.00,,,,
,,,,,,,TOTAL:,,,,,,,₹0.00 ₹266.00,,,,,
,,,,,,,"Amount in Words:
Two Hundred And Sixty-six only",,,,,,,,,,,,
,,,,,,,"For Mittal Books:
Authorized Signatory",,,,,,,,,,,,
"Nokia 6.1 Plus (Nokia X6) Tempered Glass (Pack of 2) by
Popio® | B07HL865T7 ( FBA nokia 6.1plus 2 piece ) 
Shipping Charges",,"₹0.00
-₹4.46",,₹0.00,,,1,,,,"₹15.96
₹0.00",₹133.04 12% IGST,12% IGST,"₹149.00
₹0.00","₹133.04
₹4.46",,,,1.0
,,,,,,,TOTAL:,,,,,,,₹15.96 ₹149.00,,,,,
,,,,,,,"Amount in Words:
One Hundred And Forty-nine only",,,,,,,,,,,,
,,,,,,,"For Popio World:
Authorized Signatory",,,,,,,,,,,,
"Khadi Omorose Multani Mitti (Pack Of 3) - 100 Gm Each |
B07BV1SG43 ( BW-1JQZ-K1QE ) 
Shipping Charges",,"₹0.00
-₹4.76",,"₹141.90
₹0.00",,,1,,,,"₹7.10
₹0.00",,"5% IGST
5% IGST","₹149.00
₹0.00","₹141.90
₹4.76",,,,1.0
,,,,,,,TOTAL:,,,,,,,₹7.10 ₹149.00,,,,,
,,,,,,,"Amount in Words:
One Hundred And Forty-nine only",,,,,,,,,,,,
,,,,,,,"For Biosur Pharma:
Authorized Signatory",,,,,,,,,,,,
"Hilary Rhoda Blackest Black Eyeliner Pen 1.2 G(Black) |
B01M0V9HL9 ( hrpen12 ) 
Shipping Charges",,"₹0.00
-₹4.76",,"₹180.95
₹0.00",,,1,,,,"₹9.05
₹0.00","5%
5%","IGST
IGST","₹190.00
₹0.00","₹180.95
₹4.76",,,,1.0
,,,,,,,TOTAL:,,,,,,,₹9.05 ₹190.00,,,,,
,,,,,,,"Amount in Words:
One Hundred And Ninety only",,,,,,,,,,,,
,,,,,,,"For THE SHOEBOX:
Authorized Signatory",,,,,,,,,,,,
"Kiss Beauty Highlighter and Contour 8 Shades Concealer
Palette | B019ZUCA5I ( KB-9727 ) 
HSN:3304
Shipping Charges",,"₹0.00
-₹4.24",,₹0.00,,,1,,,,₹0.00,₹163.56 18% IGST ₹29.44,18% IGST,"₹193.00
₹0.00","₹163.56
₹4.24",,,,1.0
,,,,,,,TOTAL:,,,,,,,₹29.44 ₹193.00,,,,,
,,,,,,,"Amount in Words:
One Hundred And Ninety-three only",,,,,,,,,,,,
,,,,,,,"For GOOD CHOICE INDIA:
Authorized Signatory",,,,,,,,,,,,
"Kiss Beauty Highlighter and Contour 8 Shades Concealer
Palette | B019ZUCA5I ( KB-9727 ) 
HSN:3304
Shipping Charges",,"₹0.00
-₹4.24",,₹0.00,,,1,,,,₹0.00,₹163.56 18% IGST ₹29.44,18% IGST,"₹193.00
₹0.00","₹163.56
₹4.24",,,,1.0
,,,,,,,TOTAL:,,,,,,,₹29.44 ₹193.00,,,,,
,,,,,,,"Amount in Words:
One Hundred And Ninety-three only",,,,,,,,,,,,
,,,,,,,"For GOOD CHOICE INDIA:
Authorized Signatory",,,,,,,,,,,,
"Netgear D500 N150 WiFi DSL Built-in ADSL2+
Modem Router (Black) | B00NHCIJ06 (
B00NHCIJ06 ) 
HSN:8517
Shipping Charges",,,1.0,"Rs.804.24
Rs.0.00",,,1,,,,"Rs.0.00
Rs.0.00",,"9% CGST Rs.72.38 Rs.949.00
9% SGST Rs.72.38
9% CGST
9% SGST",Rs.0.00,Rs.804.24 Rs.0.00,,,Rs.42.38 -Rs.42.38,
,,,,,,,TOTAL:,,,,Rs.144.76 Rs.949.00,,,,,,,,
,,,,,,,"Amount in Words:
Nine Hundred And Forty-nine only",,,,,,,,,,,,
,,,,,,,"For Cloudtail India Private Limited:
Authorized Signatory",,,,,,,,,,,,
"TARKAN Foldable Wooden Laptop Desk for Bed (Walnut Black) |
B07JMWTDBH ( SD_TK_LAPTABLE_STUD_WALNUT ) 
HSN:9403",,,,₹846.61,1.0,,1,,,,,,18% IGST ₹152.39 ₹999.00,,₹846.61,,,,
,,,,,,,TOTAL:,,,,,,,₹152.39 ₹999.00,,,,,
,,,,,,,"Amount in Words:
Nine Hundred And Ninety-nine only",,,,,,,,,,,,
,,,,,,,"For SHOPDRIVE:
Authorized Signatory",,,,,,,,,,,,
,,,,,,,,,"Burnout Paradise - Remastered (PS4) | B07916BYQV (
1
IGST
₹1,416.95
1
₹1,416.95
18%
Kids 013 )",,₹255.05,,,"₹1,672.00",,,,,
,,,,,,,,,TOTAL:,,₹255.05,,,"₹1,672.00",,,,,
,,,,,,,,,"Amount in Words:
One Thousand Six Hundred And Seventy-two only",,,,,,,,,,
,,,,,,,,,"For Dawood Qureshi:
Authorized Signatory",,,,,,,,,,
,,,,,,,,,"Until Dawn (PS4) | B00WU8RBHK (
1
IGST
₹1,029.66
1
₹1,029.66
18%
NGC1014 )",,₹185.34,,,"₹1,215.00",,,,,
,,,,,,,,,TOTAL:,,₹185.34,,,"₹1,215.00",,,,,
,,,,,,,,,"Amount in Words:
One Thousand Two Hundred And Fifteen only",,,,,,,,,,
,,,,,,,,,"For New global communication:
Authorized Signatory",,,,,,,,,,
"Mi Redmi 6A (Rose Gold, 2GB RAM, 16GB Storage) |
B0756VP795 ( B0756VP795 ) 
HSN:8517",,,,"₹5,356.25",1.0,,1,,,,,12%,IGST,"₹642.75 ₹5,999.00","₹5,356.25",,,,
,,,,,,,TOTAL:,,,,,,,"₹642.75 ₹5,999.00",,,,,
,,,,,,,"Amount in Words:
Five Thousand Nine Hundred And Ninety-nine only",,,,,,,,,,,,
,,,,,,,"For Appario Retail Private Ltd:
Authorized Signatory",,,,,,,,,,,,
"Quantitative Aptitude for Competitive Examinations |
9352534026 ( RKC0003183184 )",,,,₹450.00,1.0,,1,,,,"₹0.00
₹0.00
₹0.00
₹0.00
₹0.00","0%
0%
0%
0%
0%","IGST
CGST
IGST
None
SGST",₹450.00,₹450.00,,,,
,,,,,,,TOTAL:,,,,,,,₹0.00 ₹450.00,,,,,
,,,,,,,"Amount in Words:
Four Hundred And Fifty only",,,,,,,,,,,,
,,,,,,,"For Repro Knowledgecast Ltd:
Authorized Signatory",,,,,,,,,,,,
"Data Structures and Algorithms Made Easy: Data Structures and
Algorithmic Puzzles | 819324527X ( RKC0000604968 )",,,,,1.0,,1,,,,"₹0.00
₹0.00
₹0.00
₹0.00",₹499.00 0% IGST,"0% CGST
0% IGST
0% None",₹499.00,₹499.00,,,,
,,,,,,,TOTAL:,,,,,,,₹0.00 ₹499.00,,,,,
,,,,,,,"Amount in Words:
Four Hundred And Ninety-nine only",,,,,,,,,,,,
,,,,,,,"For Repro Knowledgecast Ltd:
Authorized Signatory",,,,,,,,,,,,
"1 Cozylife by Smile Mom, Magic Spin Mop with Bucket Set Offer with
Easy Wheels for Best 360 Degree Floor Cleaning, 2 Refill Head, Free
Microfiber Glove + Kitchen Wiper | B07LGRCFMN ( SM926 ) 
HSN:9603
Shipping Charges",,,,₹727.97,1.0,,,,,,₹15.10,₹83.90 18% IGST,18% IGST ₹131.03 ₹859.00,₹99.00,"₹727.97
₹83.90",,,,
,,,,,,,TOTAL:,,,,,,,₹146.13 ₹958.00,,,,,
,,,,,,,"Amount in Words:
Nine Hundred And Fifty-eight only",,,,,,,,,,,,
,,,,,,,"For HINDUSTAN TRADING COMPANY:
Authorized Signatory",,,,,,,,,,,,
"Driveclub Hits (PS4) | B07GQCQWYR (
B07GQCQWYR )",,,,₹668.64,1.0,,1,,,,"₹60.18
₹60.18","9%
9%","CGST
SGST",₹789.00,₹668.64,,,,
,,,,,,,TOTAL:,,,,₹120.36,,,₹789.00,,,,,
,,,,,,,"Amount in Words:
Seven Hundred And Eighty-nine only",,,,,,,,,,,,
,,,,,,,"For Cloudtail India Private Limited:
Authorized Signatory",,,,,,,,,,,,
"Percy Jackson and the Last Olympian (Book 5) | 0141346884 (
9780141346885 )",,,,₹217.00,1.0,,1,,,,"₹0.00
₹0.00
₹0.00
₹0.00
₹0.00",,"0% IGST
0% CGST
0% IGST
0% None
0% SGST",₹217.00,₹217.00,,,,
"Percy Jackson and the Lightning Thief (Percy Jackson and the
Olympians) | 0141329998 ( 9780141329994 )",,,,,1.0,,2,,,,"₹0.00
₹0.00
₹0.00
₹0.00
₹0.00",₹260.00 0% IGST,"0% CGST
0% IGST
0% None
0% SGST",₹260.00,₹260.00,,,,
"Percy Jackson and The Battle of the Labyrinth (Book 4) |
0141346833 ( 9780141346830 )",,,,₹217.00,1.0,,3,,,,"₹0.00
₹0.00
₹0.00
₹0.00
₹0.00",,"0% IGST
0% CGST
0% IGST
0% None
0% SGST",₹217.00,₹217.00,,,,
,,,,,,,TOTAL:,,,,,,,₹0.00 ₹694.00,,,,,
,,,,,,,"Amount in Words:
Six Hundred And Ninety-four only",,,,,,,,,,,,
"Percy Jackson and the Titan's Curse | 0141346817 (
9780141346816 )",,,,₹198.00,1.0,,1,,,,"₹0.00
₹0.00
₹0.00
₹0.00","0%
0%
0%
0%","IGST
CGST
IGST
None",₹198.00,₹198.00,,,,
"Percy Jackson and the Sea of Monsters | 0141346841 (
9780141346847 )",,,,₹210.00,1.0,,2,,,,"₹0.00
₹0.00
₹0.00
₹0.00","0%
0%
0%
0%","IGST
CGST
IGST
None",₹210.00,₹210.00,,,,
,,,,,,,TOTAL:,,,,₹0.00,,,₹408.00,,,,,
,,,,,,,"Amount in Words:
Four Hundred And Eight only",,,,,,,,,,,,
,,,,,,,"For prakash eSolutions pvt ltd:
Authorized Signatory",,,,,,,,,,,,
"Spyro Reignited Trilogy - PlayStation 4 | B07BX4CVXG (
99-Z2DY-HOJ4 ) 
HSN:8523",,,,"₹2,372.03",1.0,,1,,,,₹426.97,18%,IGST,"₹2,799.00","₹2,372.03",,,,
,,,,,,,TOTAL:,,,,,,,"₹426.97 ₹2,799.00",,,,,
,,,,,,,"Amount in Words:
Two Thousand Seven Hundred And Ninety-nine only",,,,,,,,,,,,
,,,,,,,"For Total Mobile And Gaming:
Authorized Signatory",,,,,,,,,,,,
,,,,,,,,,"Batman: The Telltale Series (PS4) | B01KAI2N0G (
1
IGST
₹805.08
1
₹805.08
18%
88-4WK1-X04C )",,₹144.92,,,₹950.00,,,,,
,,,,,,,,,TOTAL:,,₹144.92,,,₹950.00,,,,,
,,,,,,,,,"Amount in Words:
Nine Hundred And Fifty only",,,,,,,,,,
,,,,,,,,,"For Pearls Rays:
Authorized Signatory",,,,,,,,,,
"Valkyria Chronicles 4 (PS4) | B07FQ28V77 ( ps4
valkyria 4 ) 
HSN:8523",,,,"₹2,288.14",1.0,,1,,,,₹411.86,18%,IGST,"₹2,700.00","₹2,288.14",,,,
,,,,,,,TOTAL:,,,,,,,"₹411.86 ₹2,700.00",,,,,
,,,,,,,"Amount in Words:
Two Thousand Seven Hundred only",,,,,,,,,,,,
,,,,,,,"For ZIP TECHNOLOGIES:
Authorized Signatory",,,,,,,,,,,,
"OnePlus 6T (Mirror Black, 8GB RAM, 128GB Storage) |
B07DJHV6VZ ( ONEPLUS-6T-8GB-128GB-MIRROR-BLK )
HSN:8517",,,,"₹37,499.11",,,1,,,,,,"12% IGST ₹4,499.89 ₹41,999.00",,,,"₹37,499.11",1.0,
,,,,,,,TOTAL:,,,,"₹4,499.89 ₹41,999.00",,,,,,,,
,,,,,,,"Amount in Words:
Forty-one Thousand Nine Hundred And Ninety-nine only",,,,,,,,,,,,
,,,,,,,"For Green Mobiles:
Authorized Signatory",,,,,,,,,,,,
,,,,,,,,,"Shadow Tactics: Blades of the Shogun - PlayStation 4 |
1
IGST
₹3,223.21
1
₹3,223.21
12%
B06XDTXS55 ( 8440996 )",,,,,"₹386.79 ₹3,610.00",,,,,
,,,,,,,,,TOTAL:,,,,,"₹386.79 ₹3,610.00",,,,,
,,,,,,,,,"Amount in Words:
Three Thousand Six Hundred And Ten only",,,,,,,,,,
,,,,,,,,,"For GBD Retail LLP:
Authorized Signatory",,,,,,,,,,
"Vampyr - PlayStation 4 | B072MK2DXV (
IY-1XXV-B05D ) 
HSN:8523",,,,"₹3,388.98",1.0,,1,,,,₹610.02,18%,IGST,"₹3,999.00","₹3,388.98",,,,
,,,,,,,TOTAL:,,,,₹610.02,,,"₹3,999.00",,,,,
,,,,,,,"Amount in Words:
Three Thousand Nine Hundred And Ninety-nine only",,,,,,,,,,,,
,,,,,,,"For Total Mobile And Gaming:
Authorized Signatory",,,,,,,,,,,,
"Divinity Original Sin 2 Definitive Edition (PS4) |
B07DCB9NJF ( 95-VFYY-2HD8 ) 
HSN:8523",,,,"₹3,388.98",1.0,,1,,,,"₹610.02 ₹3,999.00",18%,IGST,,"₹3,388.98",,,,
,,,,,,,TOTAL:,,,,"₹610.02 ₹3,999.00",,,,,,,,
,,,,,,,"Amount in Words:
Three Thousand Nine Hundred And Ninety-nine only",,,,,,,,,,,,
,,,,,,,"For Gamesplanetimpexllp:
Authorized Signatory",,,,,,,,,,,,
"Mirror's Edge Catalyst (PS4) | B00D781M0E (
B00D781M0E ) 
HSN:8523",,,,₹749.15,1.0,,1,,,,₹134.85,18%,IGST,₹884.00,₹749.15,,,,
,,,,,,,TOTAL:,,,,₹134.85,,,₹884.00,,,,,
,,,,,,,"Amount in Words:
Eight Hundred And Eighty-four only",,,,,,,,,,,,
,,,,,,,"For Cloudtail India Private Limited:
Authorized Signatory",,,,,,,,,,,,
"Dragon’s Dogma: Dark Arisen (PS4) | B0754V4Z7Z (
KD-BRWT-1GQ9 ) 
HSN:8523",,,,₹838.98,1.0,,1,,,,₹151.02,18%,IGST,₹990.00,₹838.98,,,,
,,,,,,,TOTAL:,,,,₹151.02,,,₹990.00,,,,,
,,,,,,,"Amount in Words:
Nine Hundred And Ninety only",,,,,,,,,,,,
,,,,,,,"For Gamesplanetimpexllp:
Authorized Signatory",,,,,,,,,,,,
"Far Cry Primal (PS4) | B019W7VPS2 (
B019W7VPS2 ) 
HSN:8523
Original Order / Original Invoice 
408-7526039-1060320 / BLR5-4895854",,,,₹0.00,1.0,,1,,,,"₹0.00
₹0.00","9%
9%","CGST
SGST",₹0.00,,"₹0.00
Original
Price
 
₹1,299.00",,,
,,,,,,,TOTAL:,,,,₹0.00,,,₹0.00,,,,,
,,,,,,,"Amount in Words:
Zero only",,,,,,,,,,,,
,,,,,,,"For Cloudtail India Private Limited:
Authorized Signatory",,,,,,,,,,,,
"Old Tree Activated Charcoal Powder For Face, 100 g |
B07FJ78R1F ( ACTCHRCL ) 
HSN:3802",,,,₹126.27,1.0,,1,,,,₹22.73,18%,IGST,₹149.00,₹126.27,,,,
,,,,,,,TOTAL:,,,,₹22.73,,,₹149.00,,,,,
,,,,,,,"Amount in Words:
One Hundred And Forty-nine only",,,,,,,,,,,,
,,,,,,,"For Spice Herbals and Amenities PVT LTD:
Authorized Signatory",,,,,,,,,,,,
"Clean & Clear Blackhead Clearing Daily Scrub, 80g (Pack of 3) |
B00G6MU8ZS ( Clean & Clear Blackhead Clearing Daily S ) 
Shipping Charges",,,,"₹202.86
₹72.38",1.0,,1,,,,"₹10.14
₹3.62",,"5% IGST
5% IGST","₹213.00
₹76.00","₹202.86
₹72.38",,,,
,,,,,,,TOTAL:,,,,,,,₹13.76 ₹289.00,,,,,
,,,,,,,"Amount in Words:
Two Hundred And Eighty-nine only",,,,,,,,,,,,
,,,,,,,"For Incremental Securities Pvt Ltd:
Authorized Signatory",,,,,,,,,,,,
,,,,,,,,,"Batman: The Telltale Series (PS4) | B01KAI2N0G (
1
IGST
₹805.08
1
₹805.08
18%
88-4WK1-X04C )",,₹144.92,,,₹950.00,,,,,
,,,,,,,,,TOTAL:,,₹144.92,,,₹950.00,,,,,
,,,,,,,,,"Amount in Words:
Nine Hundred And Fifty only",,,,,,,,,,
,,,,,,,,,"For Pearls Rays:
Authorized Signatory",,,,,,,,,,
,,,,,,,,,"For Honor (PS4) | B010UR9OSQ ( For Honor
1
IGST
₹677.12
1
₹677.12
18%
(PS4) )",,₹121.88,,,₹799.00,,,,,
,,,,,,,,,TOTAL:,,₹121.88,,,₹799.00,,,,,
,,,,,,,,,"Amount in Words:
Seven Hundred And Ninety-nine only",,,,,,,,,,
,,,,,,,,,"For Shailesh:
Authorized Signatory",,,,,,,,,,
,,,,,,,,,"Resident Evil: Revelations (PS4) | B074MJTBHX ( ps4
1
IGST
₹846.61
1
₹846.61
18%
resident evil revelations )",,₹152.39,,,₹999.00,,,,,
,,,,,,,,,TOTAL:,,₹152.39,,,₹999.00,,,,,
,,,,,,,,,"Amount in Words:
Nine Hundred And Ninety-nine only",,,,,,,,,,
,,,,,,,,,"For ZIP TECHNOLOGIES:
Authorized Signatory",,,,,,,,,,
"Vktech Elegant Long Hair Faux Fur Wedding Shawl Stoles
Wraps Cape for Women (White) | B00EYVSAEE (
6dr1ub4ht9uu7D02-US11 )",,,,,,,1,,,,"₹0.00
₹0.00","₹1,098.30 0% IGST",0% None,"₹1,098.30",,,"₹1,098.30",1.0,
,,,,,,,TOTAL:,,,,,,,"₹0.00 ₹1,098.30",,,,,
,,,,,,,"Amount in Words:
One Thousand And Ninety-eight Point Three only",,,,,,,,,,,,
,,,,,,,"For BEBIG LLC:
Authorized Signatory",,,,,,,,,,,,
"Design Patterns | 9332555400 (
9789332555402 )",,,,₹373.00,1.0,,1,,,,"₹0.00
₹0.00
₹0.00
₹0.00","0%
0%
0%
0%","IGST
CGST
IGST
None",₹373.00,₹373.00,,,,
,,,,,,,TOTAL:,,,,₹0.00,,,₹373.00,,,,,
,,,,,,,"Amount in Words:
Three Hundred And Seventy-three only",,,,,,,,,,,,
,,,,,,,"For Prakash eSolutions:
Authorized Signatory",,,,,,,,,,,,
